name,free_returns,items_sold,items_status,items_shipping,price
,False,,,,
"Batman Black & White #4 CGC 9.8 MINT, DC Comics White Pages, 2021",False,,New (Other),,6879
"HUGE 25 COMIC BOOK LOT-MARVEL, DC, INDIES- FREE Shipping! VF+ to NM+ ALL",True,2629,,0,2599
Mixed LOT OF (50) Marvel / DC Comic Books ~ Bronze To Modern ~ FREE SHIPPING,False,,,0,4995
Lot of (15) DIFFERENT Spiderman Comic Books Amazing Ultimate Spectacular etc,False,255,,0,2995
New ListingHuge Lot Marvel Comic Books. See pictures Spider-Man Hulk Iron Man X-Men Venom++,False,,Pre-Owned,1499,1
"HUGE PREMIUM VINTAGE MYSTERY COMIC BOOK LOT GOLD,SILVER,BRONZE SET OF 13 COMICS",True,271,,0,3149
Tim Holt Replica Comic Books,False,0,Brand New,400,1400
New ListingDC Comics SUPERMAN Bronze Age Lot 16 Books,False,,Pre-Owned,825,1500
New Listing1989 Vintage batman books folder lot,False,,Pre-Owned,530,1500
"New ListingBlack Knight #1 (Toby Press, 1953) 1st Black Knight In Comic Books Rare GD",False,,Pre-Owned,1000,4999
"New ListingMarvel Premiere #1,#15 & 14 more books 1st App of Iron Fist, Warlock and + VF",True,,Pre-Owned,1400,16500
New Listing70's COMIC BOOK LOT ,False,,,545,3399
New ListingSpider-Man Lot of 8 Comic Books From Issue #6 to #56 - 1991 to 1995,False,,Pre-Owned,1270,1140
"Lot of (15) DIFFERENT ALL BATMAN Comic Books: Detective, Batman, Brave & Bold...",False,131,,0,2995
"HUGE 50 COMIC BOOK LOT-MARVEL,DC, INDIES, FREE SHIPPING!ALL VF to NM+ CONDITION ",False,110,,0,6099
"HUGE COMIC BOOK LOTS - MARVEL, DC, IMAGE, INDIES, NO DUPES LIQUIDATION (10 ct)",False,,Pre-Owned,0,1795
"== HUMANOIDS GRAPHIC NOVEL SERIES SET,2 BOOKS,FINAL INCAL & THE INCAL,HARDCOVER",False,0,,850,5000
New Listing14 1950's 1960's Different Comic Books NICE LOT,False,,Pre-Owned,1795,99
New ListingDC Comics SILVER Age Lot 3 Books including BATMAN,False,,Pre-Owned,450,4000
Notti & Nyce Lingerie    SET of 2  Marat Mychaels  150/100  Comic Books,False,0,,1195,2995
New ListingThe Spectacular Spider-Man Lot of 10 Comic Books From Issue #223 to #261,False,,Pre-Owned,1270,1350
New ListingSuperman And Spiderman Comic Books Lot,False,0,Pre-Owned,599,1499
New Listing14 1950's 1960's Different Comic Books NICE LOT!,False,,Pre-Owned,1795,425
"New ListingNew Teen Titans comic books, Lot of 2, Nos. 89 and 90",False,,Pre-Owned,250,500
New Listing4 books DC Archive Editions Comic cavalcade JLA v.3  Wonder W v.4. plastic man 7,False,,Brand New,0,5000
New Listing5 Early 1960's CHEYENNE Clint Walker DELL Comic Books,False,,Pre-Owned,1465,99
"New ListingNew Teen Titans comic books, Lot of 5, Nos. 48, 49, 50, 52, & 53",False,,Pre-Owned,1465,650
New ListingDC Comics WORLD'S FINEST COMICS Silver Age Lot 3 Books,False,,Pre-Owned,444,500
"DC vs. VAMPIRES #1 (EJIKURE/MATTINA/SCHMIDT VARIANT A, B, C SET) ~ IN STOCK!",True,0,Brand New,599,1999
THE Best Marvel & DC Comic Book COLLECTION Lot Grab Bag + Bonus Over 800 SOLD ,False,815,New (Other),0,2895
New ListingComic Books,False,,Brand New,1270,2600
New ListingX Force Comic Books Lot #1-10,False,,Pre-Owned,799,2699
New Listingvintage batman comic book lot 185 AND 187,False,,Pre-Owned,0,2050
New ListingThe Infinity Gauntlet #1 Marvel Comic Book 1991,False,,Pre-Owned,499,650
HAWKEYE 1 HALLOWEEN COMIC EXTRAVAGANZA 2021 Marvel Available Now!,False,,Brand New,459,209
New ListingHuge comic book lot#2 dc 40+books look!#!!!,False,,Pre-Owned,1000,200
New ListingDC Comics SUPERMAN SILVER Age Lot 3 Books,False,,Pre-Owned,450,2500
New ListingX-Men Gold #1 & #2 Marvel Comics 2017 NM,False,,Pre-Owned,595,999
Notti &  Nyce #3 Nice SET of 5  Limited Edition  Comic Books,False,,,1399,5995
🚨🔥 HELLIONS #16 JOE JUSKO MARVEL MASTERPIECES VARIANT Psylocke X-Men NM,False,0,Brand New,425,399
"New Listing11 VINTAGE ROMANCE COMIC BOOKS - LOVE DIARY,TEEN CONFESSIONS + OTHERS",False,,Pre-Owned,999,999
New Listing4 Dennis the Menace comic books,False,,Pre-Owned,475,1550
Knighted #1 Cover A B Variant Set Options AWA Studios Deodato NM,True,11,Brand New,425,399
New ListingLOT OF 14 DIFFERENT ARCHIE COMIC BOOKS !! (VALIANT),False,,Pre-Owned,500,270
New ListingStar Wars 1st edition comic book,False,,Pre-Owned,1595,2100
DC HORROR presents Soul Plumber #1 & 2 Main Cover A 2021 1st Print SET 2 books,False,0,Brand New,380,2399
New Listingvintage batman comic book lot   5 AND DC20 SEPT 31604,False,,Pre-Owned,0,1999
New ListingThanos 15 Marvel Comics Comic Book 2018 1st Black Silver Surfer The Fallen One,False,,Pre-Owned,0,3999
New ListingDC Comics SUPERMAN SILVER Age Lot 3 Books,False,,Pre-Owned,450,4000
New ListingTarzan's Jungle Annual #3 1954 Dell Giant Golden  Age Comic Book Fine,True,,Pre-Owned,499,899
New ListingZenescope Comic Books Lot Of 6 Grimm Fairy Tales Comics,False,,Pre-Owned,3119,271
New ListingDC and Marvel Comic Books Lot (4),False,,Pre-Owned,999,1495
New ListingThe Three Stooges Comics-Silver Age-6 Book Lot,True,,Pre-Owned,1000,2500
AMAZING SPIDER-MAN Comic Books Vol 1-5 Issue #1-870 - 1960s-Present  - You Pick,False,8,Brand New,319,350
"New ListingLot Of 6 The New Mutants Comic Books #3,4,13,18,61, & 74",False,,Pre-Owned,1595,400
New ListingDC Comics FIRESTORM (Vol 1) Bronze Age Lot 3 Books   SET A,False,,Pre-Owned,565,6600
New Listingvintage batman comic book lot 173 AND 190,False,,Pre-Owned,0,1999
"New Listing6 Comic Books Ragnarok #1-3, 6, 8, 12 IDW 2014-17 Subscription Covers 1st Prints",False,,New (Other),1595,5000
New ListingLot of 7 Marvel The Thing Comic Books #4 +  Free Ship,False,,,0,3999
VENOM #4 YARDIN CLASSIC HOMAGE VAR | Marvel 2021 | 1st Print,False,,,350,399
Mirka Andolfo Mercy #3 Cover C 2nd Print 2020,True,,New (Other),595,1353
"New ListingDetective Comics 448 VG+ 4.5 * 1 Book Lot * Batman! ""Death"" of Ra's Al Ghul!",True,,,750,99
New ListingDetective Comics 446 VG+ 4.5 * 1 Book Lot * Batman! Hawkman! Hawkgirl! DC 1975!,True,,,750,99
New ListingDetective Comics 447 FN/VF 7.0 * 1 Book Lot * Batman! Creeper! Robin! DC 1975!,True,,,750,99
"HUGE 25 COMIC BOOK LOT-MARVEL/DC/INDIES- FREE Ship-VF+ to NM+, ALL AGES/PG ONLY",True,,,0,3999
New ListingTHE ARCHIE'S #3 VF+ 2018 (Archie Comic Book Series),True,,Pre-Owned,355,650
,False,,,,
New Listingmistery comic book box,False,,New (Other),1625,1500
New ListingDetective Comics 450 VG/FN 5.0 * 1 Book Lot * Batman! Robin! Walt Simonson!,True,,,750,99
"New ListingHUGE COMIC BOOK LOTS - MARVEL, DC, IMAGE, INDIES, ETC...",False,,Pre-Owned,0,2000
New ListingLot Of 6 New Mutants Marvel Comic Books # 2 3 4 5 6 7 Storm Wolverine Hulk J577,True,,,498,99
The Thing #1 Cvr A Reilly Appearance Brusque Marvel Comic 1st Print 2021 NM,True,,,485,450
BATMAN FORTNITE FOUNDATION #1 COVER A GREG CAPULLO & JONATHAN GLAPION VF/NM DC,False,0,,475,499
"New ListingMr T and the T-Force Comic Books #1, 3, 4 Sealed! 5 & A-Team #2-3 (Marvel 1984)",False,,New (Other),382,1995
New ListingMixed Lot Of Vintage Iron Man Comic Books,False,,New (Other),999,4499
New ListingVintage Gumball Mini Books Comic CHP 1966 Mighty Thor Marvel Amazing Spiderman,False,,,0,4000
New ListingLot Of 5 Captain America Marvel Comic Books # 241 242 244 245 246 Avengers J577,True,,,498,99
New ListingNew Mutants Annual # 2 NM- Marvel Comic Book X-Men Wolverine 1st Psylocke J577,True,,,498,99
AMAZING SPIDER-MAN Comic Books Vol 1-5 Issue #1-870 - 1960s-Present  - You Pick,False,8,Brand New,319,350
SHE-HULK #1 ARTGERM Variant | Marvel 2022 | 1st Print,False,,,350,399
Wolverine #72 (1993) Marvel 9.0 VF/NM Comic Book,True,,New (Other),299,458
PHENOM X #1 Muniz Main Cover A | Image | Available 11/10 (6.99 cover) Optioned ,False,,Brand New,449,499
TMNT THE LAST RONIN #5 2022 Main Cover A 1st Print IDW NM 2/16/22 PreSale,True,,Brand New,595,859
Robocop #1 Marvel 1990 NM High Grade,False,0,New (Other),499,999
The Thing #1 Cover A B C Variant Set Options Marvel 2021 Presale 11/10,True,6,Brand New,425,479
 HULK #1 Main Cover A | Donny Cates New Series | Available 11/24,False,,Brand New,449,445
New ListingBatman 426 NM 9.4 * 1 Book Lot * Death in the Family! Mike Mignola Cover!,True,,,750,99
New Listing6 Captain America Marvel Comic Books # 224 225 226 228 230 231 Avengers J577,True,,,498,99
LAST BOOK YOULL EVER READ #3 COVER C BLACK BAG VARIANT VF/NM VAULT HOHC 2021,False,0,,475,539
New ListingLot Of 5 Brave & The Bold DC Comic Books # 113 118 141 144 151 Flash Batman J577,True,,,498,99
New ListingNew Teen Titans # 1 NM DC Comic Book Raven Cyborg Flash Robin Wonder Girl J577,True,,,498,99
New ListingLot of 100 Comic Books...All Pictured  Free Shipping,False,,Pre-Owned,0,3950
New ListingMarvel lot of 6 vintage: THE ETERNALS 1985/86,False,,,445,1600
Mystery Comic Box - 10 books in each box! READ DESCRIPTION!! ,False,54,Brand New,999,3000
New Listing7 Action Comics Feat. Superman DC Comic Books # 484 485 486 487 488 489 495 J577,True,,,498,99
🚨🔥🦇 BATMAN #118 Bogdanovic 1:25 McFarlane Homage Variant ABYSS 1st App,False,0,Brand New,425,2499
New ListingArchie And Me #53 FN- 1972 (Archie Comic Books Giant Series),True,,Pre-Owned,355,400
American Mythology Productions WILLY'S WONDERLAND #1 first print Ltd ed cover,False,0,,500,720
New ListingTales Of Suspense #72 Marvel Comics 1965 Iron Man Captain America Silver Age,False,,Pre-Owned,499,2499
New ListingDetective Comics 452 FN 6.0 * 1 Book * Batman! Hawkman! Jose Luis Garcia-Lopez!,True,,,750,99
New ListingHUGE LOT OF 31 VINTAGE COMIC BOOKS- SPIDER-MAN SUPERMAN BATMAN HULK X-MEN,False,,Pre-Owned,445,6800
DARKHAWK #2 (OF 5) COVER A COELLO MARVEL COMICS 2021 EB88,False,0,Brand New,499,250
New Listingcomic books,False,,New (Other),1595,99
New ListingMicronauts # 8 1st Appearance Captain Universe Marvel Comics 1979,False,,,649,1999
Gunslinger Spawn #2 Cover A B Variant Set Options 2021 Image Presale 11/24,True,,,425,299
🚨🔥🦇 BATMAN #118 Viktor Bogdanovic McFarlane Homage Variant ABYSS 1st App,False,,Brand New,425,599
"●☆ Mystery Comic books #2 (Unsorted, Great Condition) 25 Books Per lot ☆●",False,,,508,2500
New ListingLot of 6 Sandman Comic Books! ,False,,Pre-Owned,800,1000
New ListingDetective Comics 465 FN 5.5 * 1 Book Lot * Batman! Elongated Man! Ernie Chan!,True,,,750,99
New ListingLot of 52 Fantastic Four Comic Books Nice Runs #245+ Free Shipping ,False,,,0,20999
New ListingLot 23 The Walking Dead Comic Books Graphic Novels 1-23,False,,Pre-Owned,7835,15000
"New ListingComic Books, Multiple Variations, Old, New, Lots, Marvel, DC",False,,New (Other),985,100000
New ListingTales Of Suspense #74 Marvel Comics 1965 Iron Man Captain America Silver Age,False,,Pre-Owned,499,2499
New ListingDetective Comics 453 VG/FN 5.0 * 1 Book Lot * Batman! Elongated Man! Ernie Chan!,True,,,750,99
New ListingDetective Comics 456 VG/FN 5.0 * 1 Book Lot * Batman! Elongated Man! Ernie Chan!,True,,,750,99
New ListingDetective Comics 454 VG/FN 5.0 * 1 Book Lot * Batman! Hawkman! Hawkgirl! DC 1975,True,,,750,99
New ListingThe Amazing Spider-Man #111 Gibbon & Kraven the Hunter Appearance Marvel Comic ,True,,,710,2999
New ListingBatman 427 NM 9.2 * 1 Book * Joker Kills Jason Todd - Robin! Death in the Family,True,,,750,99
New ListingBatman 406 VF 8.0 * 1 Book * Year One! Catwoman Origin! Miller & Mazzucchelli!,True,,,750,99
Inferno #3 (Of 4) Variant By Jeff Dekal ,False,0,Brand New,585,539
New ListingFear #6 (1972) Marvel Comics VG/FN,False,,Pre-Owned,525,1299
New ListingSpider-Man Adventures # 1 & 2 Newsstand High Grade Marvel Comics 1994,False,,,749,1499
"50 Comic Book HUGE lot - Marvel, DC, & Independent Comics! MINIMUM $200 VALUE!!!",False,526,,1399,1999
New ListingForbidden Frankenstein 1 2 Dracula's Daughter Anton Drek Fantagraphics comics ,False,,Pre-Owned,900,7999
New ListingDetective Comics 461 VG+ 4.5 * 1 Book Lot * Batman! Tim Trench! Pablo Marcos!,True,,,750,99
New ListingDetective Comics 467 FN 5.5 * 1 Book Lot * Batman! Hawkman! Marshall Rogers!,True,,,750,99
GRIMM | Zenescope C to O | VARIANT | EXCLUSIVE | SPECIAL | WONDERLAND,True,,,450,245
Sheena 1 Queen of the Jungle (2) Book Set 2021 Besch And  Parrillo Covers NM🔥,False,,Brand New,457,699
Dark Ages #2 Marvel Comics 2021 NM+,True,12,,299,399
New ListingArchie and Me #578 VG+ 1987 Special Camp Issue (Archie Comic Books Giant Series),True,,Pre-Owned,355,300
,False,,,,
Sheena 1 Queen of the Jungle (2) Book Set 2021 Besch And  Parrillo Covers NM🔥,False,,Brand New,457,699
HULK #1 6 COVER SET A B C D E F(Blank) 2021 DONNY CATES | Marvel | 11/24,False,,Brand New,595,2399
New ListingThe Amazing Spider-Man #143 1975 Marvel Comic Book 1st App Cyclone and MJ Kiss,False,,,495,2995
PHENOM X #1 McFarlane Variant Cover B | Image |  11/10 (6.99 cover) | Optioned ,False,,Brand New,459,499
Marvel and DC mixed comic book lot of 100 no duplicates,False,,New (Other),1000,6500
New ListingTHE MAN OF STEEL # 1 - Superman - Near Mint -  John Byrne DC Comics -1986,False,,New (Other),388,495
New ListingAmazing Spider-Man Omnibus HC 1st Edition #3B-1ST FN 2017 Stock Image,True,,,650,8900
New ListingAmazing Spider-Man #238 (7.0 FN/VF)🔥1st Hobgoblin KEY🔑Newsstand HAS Tattooz!,True,,Pre-Owned,400,33500
New ListingBatman 404 NM 9.2 * 1 Book * Year One Part 1! Frank Miller & David Mazzucchelli!,True,,,750,99
New ListingUncanny X-Men # 160 - CGC 9.6 NM+ WP! 1st appearance of adult Illyana (Magik)!,True,,New (Other),1825,15100
Hawkeye Kate Bishop #1 Cover A B C D Variant Set Options 2021 Presale 11/17,True,,,425,379
New ListingLot Of 2 Archie Jughead Comic Books. 1975 Bronze Age. One Giant Series No. 233,False,,Pre-Owned,700,999
GUN HONEY #2 (OF 4) CVR A LIM (MR) BY TITAN COMICS,False,0,New (Other),425,750
🚨💥🔑 SUPERMAN SON OF KAL-EL SET #1-4 Third & Second Print 1st App Jay Nakamura,False,,Brand New,495,1595
G.I. Joe  Marvel Comics lot in great condition ,False,,New (Other),0,999
DC vs. VAMPIRES #1 (EJIKURE GLOW-IN-THE-DARK GITD TEAM VARIANT) ~ IN STOCK NOW!,True,,Brand New,599,999
STAR WARS: BOUNTY HUNTERS 1-17 NM 2020 Sacks Marvel Comics items sold separately,False,,Brand New,497,454
LOT OF 20 RANDOM MYSTERY Awesome Comic Books SILVER MARVEL XMEN 1ST APPEARANCES,False,,Pre-Owned,508,1500
50 Bulk Lot Assorted DC/Marvel/indies Comic Book No Duplicates Modern,False,18,,0,4600
New ListingMarvel superheroes secret wars vintage comic book lot All Keys,False,,New (Other),500,10000
The Chenoo #1 Graham Nolan Horror Comic indiegogo One Shot Monster NM+,False,0,Brand New,625,1999
RED ROOM TRIGGER WARNINGS #1 Pulp Fiction Homage Trey Antley Bundle 1:10 1:5,False,,Brand New,900,3000
New ListingRare Out of Print OOP Babylon 5 Comics Comic Books Issue #2 and #4 GC Free Ship,False,,Pre-Owned,550,1999
Dark Ages #3 Cover A B Variant Set Options 2021 Marvel Presale 11/10,True,,Brand New,425,389
New ListingAmazing Spider-Man #545 CGC 9.8 NM/MT 1:20 Variant Mephisto MCU HOT KEY Marvel ,False,,Brand New,0,39999
"NEW Comic Book Heat Press Pressed Comics for better grading Books, T Shirt Press",False,0,,0,18499
Archie's Ham Radio Adventure Comic Book NOS (1986),False,,,0,1000
DC VS Vampires 1 DC 2021 Kael Ngu Harley Quinn Batman Variant Trade,False,,Brand New,699,2500
HOUSE OF SLAUGHTER #1 Cover C Shehan FOIL - Limited and Allocated ,False,,Brand New,0,598
BATMAN CATWOMAN #1 MATTINA EXCLUSIVE VARIANT 2021 BLACK LABEL DC COMICS NM ,True,,,475,1899
New ListingLot of 24 RARE DELL Walt Disney's Donald Duck & Vacation Parade Comic Books,False,,Pre-Owned,1700,16000
"New ListingJim Butcher's The Dresden Files ""Dog Men"" Comic Books #1-6 Complete Series",False,,New (Other),0,2500
New ListingSuperman & Batman World's Finest Comic Book #10 DC Comics 2000 ,False,,Pre-Owned,399,499
New ListingMarvel Secret Empire #0 1 2 3 4 5 6 7 9 10 Omega FCBD - 12 Books High Grade,False,,,950,1999
Fantastic Four Epic Collection V1 New Ptg World’s Greatest Comic New Marvel TPB ,False,0,Brand New,395,2695
comic book lot of 60 Random Issues,False,0,Pre-Owned,1625,2000
CROSSOVER #9 COVER A SHAW IMAGE COMICS 2021 EB185,False,,Brand New,499,250
New ListingMarvel Comics Guardians Of The Galaxy Comic Book Lot 1990s Run,False,,Pre-Owned,530,999
🚨🔥😱 DC VS VAMPIRES #1 JORGE MOLINA 1:25 Card Stock Ratio Variant NM,False,0,Brand New,425,1399
🚨🔥🦇 VAMPIVERSE #1 CELINA 616 Virgin Variant A LTD 500 COA Vampirella,False,20,Brand New,425,1999
DARKHAWK #5 (OF 5) MARVEL   12/22  PRE-SALE ,False,,Brand New,625,399
"New ListingLot of 4 Daredevil COMIC BOOKS #305,306,313,323— All High Grade NM",False,,New (Other),885,295
King of Spies #1 Cover A B C D E Variant Set Options Presale 12/1,True,,Brand New,425,479
New ListingStar Wars Vader Down 1 2 3 + Chewbacca 1 2 - Marvel Comics 5 Book Set High Grade,False,,,950,1199
Nocterra Vol 1 TPB 1st Print + Signed Book Plate Scott Snyder Tony S Daniel ,False,0,Brand New,595,1099
Swamp Thing #9 DC 2021 VF/NM Comics Book ,True,,,500,369
"New ListingSpace Adventures - Mixed Lot of 9 comic books, Marvel & DC (L020)",False,,Pre-Owned,445,1800
New ListingDetective Comics 335 VG 4.0 * 1 Book Lot * Batman! Robin! Elongated Man! DC 1965,True,,,750,99
New ListingDetective Comics 358 VG+ 4.5 * 1 Book Lot * Batman! Robin! 1st Spellbinder!,True,,,750,99
New ListingDetective Comics 449 VG 4.0 * 1 Book Lot * Batman! Elongated Man! Flash! DC 1975,True,,,750,99
New ListingAMAZING SPIDER-MAN #61 CGC Graded 9.8 New Suit! Marvel Comics 2021,False,,,1595,3999
New ListingAMAZING SPIDER-MAN #394 (1994) NM Comic Book. THE TRAVELLER Collector’s Edition,False,,New (Other),870,8900
New ListingSilver Surfer #44 1st Appearance of the Infinity Gauntlet Marvel Comics 1990,False,,,649,2499
New ListingDC Comics New 52 Flash TPB Lot of 8 Books,False,,,700,7900
Brzrkr (Berzerker) #4 Boom Studios Cover F Grampa Virgin 1:25 Variant,False,0,,499,499
New ListingComic books ,False,,Brand New,0,35400
New Listingcomic books,False,,New (Other),870,2700
GUN HONEY #2 MCGINNIS VIRGIN VARIANT 2021 TITAN COMICS 10/20/21 NM,True,0,,475,379
"Spider-Man #1 ""Torment"",  CGC 9.8!  Todd McFarlane at his Marvel ""Spidey"" best!",False,0,New (Other),1500,16000
HUGE 100 COMIC BOOK LOT-MARVEL DC INDIES- FREE Shipping! VF to NM ALL N0 Dupes,True,0,,0,8999
"New Listing2 Comic Books Star Trek: Countdown Official Prequels #2, 3 IDW 2009 First Prints",False,,New (Other),319,600
"New ListingDawn Sirius Comic Books Lot #1,2,3,4,5,6 Volume 1 Complete Set 1995",False,,,0,2499
Venom #1 Ewing Inhyuk Lee Variant Marvel Comic 1st Print 2021 unread NM,True,,,485,563
New ListingSTAR WARS Blood Ties #1-4 Boba Fett Comic Set DARK HORSE COMICS FREE SHIPPING,False,,New (Other),0,4999
Looney Tunes Vol 3 #253 DC Comics (2020) NM 1st Print Comic Book,True,,New (Other),299,458
THOR #15 KAEL NGU EXCLUSIVE VIRGIN VARIANT 2021 MARVEL COMICS NM,True,,,475,2999
,False,,,,
New ListingBLASTOSAURUS #1 Comic Book RARE (GOLDEN APPLE BOOKS 2019) NM - Eiding,False,,Pre-Owned,0,1997
🔥🦇 DC VS. VAMPIRES #1 MASSAFERA Trade Dress Batgirl Homage Variant LTD 3000,False,0,Brand New,425,1499
New ListingNYX #1 Parrillo Main Cover A + Rose Besch Variant DYNAMITE NM  ,True,,Brand New,595,795
New ListingJughead’s Diner #1 FN 1990 (Archie Comic Book Series),True,,Pre-Owned,355,400
Detective Comics No.27 Special Edition Reprint 1st Batman Facsimile Never Open ,False,,Brand New,,9999
100 Comic Book HUGE lot - All DIFFERENT - Only MARVEL Comics - FREE Shipping!,True,0,,0,14999
New ListingDAREDEVIL #1 (MARVEL 2019) RAMOS SKRULLS VARIANT COVER NM+ 9.8 CGC,False,,Brand New,1465,600
"New ListingJim Butcher's The Dresden Files ""Down Town"" Comic Books #1-6 Complete Series",False,,New (Other),0,2000
MIRKA ANDOLFO SWEET PAPRIKA #4 (OF 12) CVR E ANDOLFO (MR),False,,New (Other),425,450
New ListingBeavis and Butthead Comic Books #1 thru #25 & #27 ~ #1 SIGNED BY RICH PARKER NM,False,,Brand New,400,22500
New ListingBrzrkr 4 Ward Foil 5 Book Lot,False,,Brand New,600,99
New ListingDetective Comics 464 VG+ 4.5 * 1 Book * Batman! Atom! Black Canary! Mike Grell!,True,,,750,99
Phenom X #1 Cover A B Variant Set Option Leguizamo McFarlane Image Presale 11/10,True,0,,425,659
BARBARELLA #4 CVR Q MUSABEKOV 1:15 VIRGIN VARIANT 2021 DYNAMITE 10/27/21 NM,True,,,475,599
Barbarella #1 - 4 You Pick From Main & Variant Covers Dynamite Comics 2021,False,0,Brand New,431,399
PHENOM X #1 1 :10 McFarlane B&W Variant Cover  | Image | Avail 11/10| Optioned,False,,Brand New,459,1079
COMIC BOOK LOT - BOX  - VF/NM  Raw Books Marvel DC Image - Free Shipping,False,,Pre-Owned,0,3000
WHATS THE FURTHEST PLACE FROM HERE #2 DLX ED 7 INCH RECORD | Image |  12/8,False,0,Brand New,599,1498
New ListingHarbinger Comic Books #12 13 15 17 19-25 29 34 + Files #1 Harada Origin Valiant,True,,,399,2419
HUMAN TARGET #1 (OF 12) COVER A GREG SMALLWOOD (MR) DC COMICS 2021 RB09,False,,Brand New,499,300
New ListingAvengers Heroic Age #1 NM Marvel Comics 2010,True,,New (Other),449,1495
New ListingX-MEN Comic Books  Lot of 3 complete & 1 G.I Joe ,False,,,319,699
New ListingSomething is Killing the Children #12 Peach Momoko 1:25 Virgin Variant BOOM! NM+,True,,New (Other),499,3999
New ListingThe Amazing Spider-Man # 363 Venom Carnage Marvel Comics 1992,False,,,649,1999
"New ListingThe Swamp Thing #1 (2021, DC, First Print) 1st Appearance Levi Kamei",False,,Brand New,499,2000
Comic Book Grab Bag Lot 20 Issues! DC Marvel Image Independent Buy 4 Get 1 Free!,False,,New (Other),0,1495
SOUL PLUMBER #1 1ST PRINT MAIN COVER DC COMICS 2021,False,,Brand New,599,1600
X-MEN BLUE #29 (2018 MARVEL Comics) ~ VF/NM Book,False,,,494,199
Eaglemoss DC Comics Graphic Novel Collection Hardcover Books TPB YOU PICK ,True,,Brand New,0,695
 GUNSLINGER SPAWN #1 LOT OF ALL 7 MAIN COVERS - A/B/C/D/E/F/G - Cover Set ,False,,Pre-Owned,0,2195
DC Horror Presents Soul Plumber #3 Cover A B Variant Set Options Presale 12/8,True,,Brand New,425,389
Marvel mini comic book ,False,,Pre-Owned,460,5500
VAMPIRELLA #25 CVR A PARRILLO 2021 DYNAMITE ENTERTAINMENT 11/10/21 NM,True,0,,475,349
New ListingAll-New Wolverine #1 1st Appearance of X-23. Blank Scketch cover Disney+,False,,New (Other),525,499
New ListingDC Comics Presents #26 NM Comic Book 1st Teen Titans Appearance Raven Flash J577,True,,,498,99
Over 950 DC Comic Books - $1.00 Each - YOU PICK  $4 Shipping Any Quantity,False,2766,READ FULL ITEM DESCRIPTION FOR CURRENT AVAILABLE ISSUES,400,100
New ListingMarvel Dr. Strange #9-11 Marvel Comic Books 1973,False,,,800,895
New Listingvintage batman comic book lot 153 AND 160,False,,Pre-Owned,0,1999
Batman The Cult set from #1-4 DC all 4 different books 8.0 VF (1988),True,0,,599,2100
New ListingDETECTIVE COMICS  #474  1977  BATMAN DC  VF/NM     FIRST DEADSHOT High Grade,False,,New (Other),0,15500
New ListingThe Adventures of Tin Tin set of 2 books,False,,Pre-Owned,1250,99
New ListingHouse Of Secrets Comic Books Issues 1-6,False,,Pre-Owned,930,299
New ListingDaredevil #169 Comic Book 2nd App Elektra,False,,Pre-Owned,600,2499
Immortal Hulk #50 12 Cover Variant Set Options Bartel Inhyuk 2021 Marvel,True,,,425,899
New ListingBetty And Veronica #151 Sept 2000 Sexy Swimsuit Cover (Archie Comic Books) FVF,False,,Pre-Owned,550,800
New ListingWalt Disney’s Donald Duck***Dell***Vintage***lot of 11 issues***Silver age,False,,Pre-Owned,0,3999
New ListingDC Comics Presents # 27 NM Comic Book Superman Martian Manhunter Mongul J577,True,,,498,99
Captain America Epic Collection V14 The Captain New Marvel Comics TPB,False,0,Brand New,395,3495
New ListingYoung Avengers #1 CGC 9.8 1st Kate Bishop Hawkeye Hulkling Wiccan MCU Marvel,False,,Brand New,0,110000
New ListingX-Men Classic 52 53 54 55 56 57 58 Marvel Comics 7 Copper Age books VF or better,True,,Pre-Owned,995,1999
DARKHAWK #1 2ND PRINT RAMIREZ VARIANT 2021 MARVEL COMICS 10/13/21 NM,True,0,,475,399
New ListingLot Of 6 New Mutants Marvel Comic Books # 8 9 11 12 13 14 Wolverine Hulk J577,True,,,498,99
New Listingcomic books,False,,Pre-Owned,1595,2000
New Listing4 Mothman Comic Books Point Pleasant Moth Man All Autographed,False,,Pre-Owned,0,5000
New ListingCool Lot Of 9 Books Of Magic DC Vertigo Comics 1990-1999 Neil Gaiman,False,,,930,795
"Notti & Nyce #5  ""Hot Cowgirl""  SET of 2  Ltd. Ed 100/150. Mychaels Comic Books",False,0,,1495,2995
New ListingGOLDEN AGE MARVEL TALES / STRANGE TALES COMIC BOOK LOT,False,0,,300,999
New ListingWolverine #1 CGC 9.0 VF/NM WP 1st Wolverine As Patch HOT MCU KEY Marvel Comics,False,,New (Other),2000,11500
New ListingThe Blue Beetle #35 Golden Age Fox Comic Book 1944,True,,Pre-Owned,499,999
"New ListingBlack Goliath 2,3,4,5 *4 Book Lot* 1st A'Askvarii(alien race)! Claremont! Marvel",True,,,750,99
House of Slaughter #1 2nd Print Jae Lee 1:10 CGC 9.8 PRE-SALE *READ DESCRIPTION*,False,0,,2000,13000
New ListingGen 13 Mixed Lot Of 6 Comic Books Bootleg Image,False,,Pre-Owned,319,999
New ListingDetective Comics 356 VG 3.5 * 1 Book Lot * Batman! Robin! 1st Full Outsider!,True,,,750,99
New ListingArchie Comics Group- PEP - 20 Book Lot,True,,Pre-Owned,1400,2500
DC Comics ‘Green Lantern 2021 Annual’,True,,Brand New,402,486
Imagine 1 2 3 4 5 6 Star*Reach Friedrich Ditko Neal Adams Michael Gilbert VF/NM,False,0,New (Other),899,9999
